{
  "c": [
    {
      "j": {
        "type": "call",
        "name": {
          "type": "member",
          "object": "Coreo",
          "prop": { "type": "identifier", "name": "render" }
        },
        "args": [
          "View",
          {
            "type": "obj",
            "props": [
              {
                "type": "set",
                "name": "x-if",
                "value": {
                  "type": "identifier",
                  "name": "varIf"
                }
              }
            ]
          },
          {
            "type": "call",
            "name": {
              "type": "member",
              "object": "Coreo",
              "prop": { "type": "identifier", "name": "render" }
            },
            "args": [
              "View",
              {
                "type": "obj",
                "props": [
                  {
                    "type": "set",
                    "name": "style",
                    "value": {
                      "type": "member",
                      "object": "styles",
                      "prop": { "type": "identifier", "name": "topCon" }
                    }
                  }
                ]
              },
              {
                "type": "exp",
                "operator": "&&",
                "left": { "type": "identifier", "name": "left" },
                "right": {
                  "type": "call",
                  "name": {
                    "type": "member",
                    "object": "Coreo",
                    "prop": { "type": "identifier", "name": "render" }
                  },
                  "args": [
                    "View",
                    {
                      "type": "obj",
                      "props": [
                        {
                          "type": "set",
                          "name": "style",
                          "value": {
                            "type": "member",
                            "object": "styles",
                            "prop": { "type": "identifier", "name": "left" }
                          }
                        }
                      ]
                    },
                    "左"
                  ]
                }
              },
              {
                "type": "exp",
                "operator": "&&",
                "left": { "type": "identifier", "name": "right" },
                "right": {
                  "type": "call",
                  "name": {
                    "type": "member",
                    "object": "Coreo",
                    "prop": { "type": "identifier", "name": "render" }
                  },
                  "args": [
                    "View",
                    {
                      "type": "obj",
                      "props": [
                        {
                          "type": "set",
                          "name": "style",
                          "value": {
                            "type": "member",
                            "object": "styles",
                            "prop": { "type": "identifier", "name": "right" }
                          }
                        }
                      ]
                    },
                    "右"
                  ]
                }
              }
            ]
          },
          {
            "type": "call",
            "name": {
              "type": "member",
              "object": "Coreo",
              "prop": { "type": "identifier", "name": "render" }
            },
            "args": [
              "View",
              {
                "type": "obj",
                "props": [
                  {
                    "type": "set",
                    "name": "style",
                    "value": {
                      "type": "member",
                      "object": "styles",
                      "prop": { "type": "identifier", "name": "switch" }
                    }
                  },
                  {
                    "type": "set",
                    "name": "onClick",
                    "value": { "type": "identifier", "name": "onClick" }
                  }
                ]
              },
              {
                "type": "template",
                "exps": [
                  { "type": "identifier", "name": "buttonText" },
                  { "type": "identifier", "name": "status" }
                ],
                "quasis": ["", " ", ""]
              }
            ]
          }
        ]
      },
      "a": {
        "type": "obj",
        "props": [
          {
            "type": "set",
            "name": "state",
            "value": {
              "type": "obj",
              "props": [
                { "type": "set", "name": "buttonText", "value": "动态切换111" },
                { "type": "set", "name": "status", "value": 1 },
                { "type": "set", "name": "left", "value": true },
                { "type": "set", "name": "right", "value": true }
              ]
            }
          },
          {
            "type": "set",
            "name": "varIf",
            "value": true
          },
          {
            "type": "set",
            "name": "styles",
            "value": {
              "type": "obj",
              "props": [
                {
                  "type": "set",
                  "name": "topCon",
                  "value": {
                    "type": "obj",
                    "props": [
                      { "type": "set", "name": "height", "value": 100 },
                      { "type": "set", "name": "display", "value": "flex" },
                      {
                        "type": "set",
                        "name": "justifyContent",
                        "value": "space-between"
                      },
                      {
                        "type": "set",
                        "name": "flexDirection",
                        "value": "row"
                      },
                      { "type": "set", "name": "alignItems", "value": "center" }
                    ]
                  }
                },
                {
                  "type": "set",
                  "name": "left",
                  "value": {
                    "type": "obj",
                    "props": [
                      { "type": "set", "name": "flex", "value": 1 },
                      { "type": "set", "name": "height", "value": "100%" },
                      {
                        "type": "set",
                        "name": "backgroundColor",
                        "value": "red"
                      },
                      { "type": "set", "name": "color", "value": "#fff" },
                      {
                        "type": "set",
                        "name": "justifyContent",
                        "value": "center"
                      },
                      { "type": "set", "name": "alignItems", "value": "center" }
                    ]
                  }
                },
                {
                  "type": "set",
                  "name": "right",
                  "value": {
                    "type": "obj",
                    "props": [
                      { "type": "set", "name": "flex", "value": 1 },
                      { "type": "set", "name": "height", "value": "100%" },
                      {
                        "type": "set",
                        "name": "backgroundColor",
                        "value": "green"
                      },
                      { "type": "set", "name": "color", "value": "#fff" },
                      {
                        "type": "set",
                        "name": "justifyContent",
                        "value": "center"
                      },
                      { "type": "set", "name": "alignItems", "value": "center" }
                    ]
                  }
                },
                {
                  "type": "set",
                  "name": "switch",
                  "value": {
                    "type": "obj",
                    "props": [
                      { "type": "set", "name": "marginTop", "value": 10 },
                      { "type": "set", "name": "with", "value": "100%" },
                      { "type": "set", "name": "height", "value": 86 },
                      {
                        "type": "set",
                        "name": "backgroundColor",
                        "value": "#ccc"
                      },
                      {
                        "type": "set",
                        "name": "borderRadius",
                        "value": "40rpx"
                      },
                      {
                        "type": "set",
                        "name": "justifyContent",
                        "value": "center"
                      },
                      { "type": "set", "name": "alignItems", "value": "center" }
                    ]
                  }
                }
              ]
            }
          },
          {
            "type": "func",
            "name": "onClick",
            "args": [],
            "body": {
              "type": "block",
              "body": [
                [
                  {
                    "type": "const",
                    "name": "status",
                    "value": {
                      "type": "exp",
                      "left": {
                        "type": "exp",
                        "left": {
                          "type": "member",
                          "object": {
                            "type": "member",
                            "object": { "type": "this", "name": "this" },
                            "prop": { "type": "identifier", "name": "state" }
                          },
                          "prop": { "type": "identifier", "name": "status" }
                        },
                        "operator": "+",
                        "right": 1,
                        "parenthesized": true
                      },
                      "operator": "%",
                      "right": 3
                    }
                  }
                ],
                {
                  "type": "call",
                  "name": {
                    "type": "member",
                    "object": { "type": "this", "name": "this" },
                    "prop": { "type": "identifier", "name": "setState" }
                  },
                  "args": [
                    {
                      "type": "obj",
                      "props": [
                        {
                          "type": "set",
                          "name": "status",
                          "value": { "type": "identifier", "name": "status" }
                        },
                        {
                          "type": "set",
                          "name": "left",
                          "value": {
                            "type": "exp",
                            "operator": "||",
                            "left": {
                              "type": "exp",
                              "left": {
                                "type": "identifier",
                                "name": "status"
                              },
                              "operator": "==",
                              "right": 0
                            },
                            "right": {
                              "type": "exp",
                              "left": {
                                "type": "identifier",
                                "name": "status"
                              },
                              "operator": "==",
                              "right": 1
                            }
                          }
                        },
                        {
                          "type": "set",
                          "name": "right",
                          "value": {
                            "type": "exp",
                            "operator": "||",
                            "left": {
                              "type": "exp",
                              "left": {
                                "type": "identifier",
                                "name": "status"
                              },
                              "operator": "==",
                              "right": 0
                            },
                            "right": {
                              "type": "exp",
                              "left": {
                                "type": "identifier",
                                "name": "status"
                              },
                              "operator": "==",
                              "right": 2
                            }
                          }
                        }
                      ]
                    }
                  ]
                }
              ]
            }
          }
        ]
      },
      "n": "testModuleHeader",
      "v": "1.0.0"
    },
    {
      "j": {
        "type": "call",
        "name": {
          "type": "member",
          "object": "Coreo",
          "prop": { "type": "identifier", "name": "render" }
        },
        "args": [
          "View",
          {
            "type": "obj",
            "props": [
              {
                "type": "set",
                "name": "style",
                "value": {
                  "type": "member",
                  "object": "styles",
                  "prop": { "type": "identifier", "name": "topCon" }
                }
              },
              {
                "type": "set",
                "name": "onClick",
                "value": { "type": "identifier", "name": "clickHandler" }
              }
            ]
          },
          { "type": "identifier", "name": "buttonText" }
        ]
      },
      "a": {
        "type": "obj",
        "props": [
          {
            "type": "set",
            "name": "state",
            "value": {
              "type": "obj",
              "props": [
                { "type": "set", "name": "buttonText", "value": "测试模块1+1" }
              ]
            }
          },
          {
            "type": "set",
            "name": "styles",
            "value": {
              "type": "obj",
              "props": [
                {
                  "type": "set",
                  "name": "left",
                  "value": {
                    "type": "obj",
                    "props": [
                      { "type": "set", "name": "width", "value": "100%" },
                      { "type": "set", "name": "height", "value": 50 },
                      {
                        "type": "set",
                        "name": "backgroundColor",
                        "value": "#aaa"
                      },
                      { "type": "set", "name": "color", "value": "#fff" }
                    ]
                  }
                }
              ]
            }
          },
          {
            "type": "func",
            "name": "clickHandler",
            "args": [],
            "body": {
              "type": "block",
              "body": [
                {
                  "type": "call",
                  "name": {
                    "type": "member",
                    "object": { "type": "this", "name": "this" },
                    "prop": { "type": "identifier", "name": "setState" }
                  },
                  "args": [
                    {
                      "type": "obj",
                      "props": [
                        {
                          "type": "set",
                          "name": "buttonText",
                          "value": "模块按钮变化"
                        }
                      ]
                    }
                  ]
                }
              ]
            }
          }
        ]
      },
      "n": "testModuleOne",
      "v": "1.0.0"
    }
  ]
}
