<View style={style.salePromotion}>
  {!hotSaleProps && (
    <Image style={style.headImage} source={{ uri: 'https://gw.alicdn.com/imgextra/i3/O1CN01ac5eD31MHMjgbdQQD_!!6000000001409-2-tps-162-42.png' }}/>
  )}
  {hotSaleProps && <HotSale {...hotSaleProps} slotTree={{
    header: (args) => {
      return (
        <View x-style={[style.headerBar, style.spaceBetween]}>
          <View x-style={[style.headerBar]}>
            <Image style={style.headImage} source={{ uri: 'https://gw.alicdn.com/imgextra/i3/O1CN01ac5eD31MHMjgbdQQD_!!6000000001409-2-tps-162-42.png' }}/>
            <Countdown
              tenOfSecond={true}
              tenOfSecondImg="https://gw.alicdn.com/imgextra/i2/O1CN0100me9B1i8ahY5PDLR_!!6000000004368-54-tps-28-36.apng"
              targetTime={args.targetTime}
              now={Date.now()}
              onTimereached={args.handleTimeReached}
              color="#fff"
              boxStyle="background-color: #ff5533"
              sepStyle="color: #ff5533"
            />
          </View>
          <View style={style.showAllBtn} onClick={showAllHandle}>查看全部<Icon style={style.showAllBtnArrow} name="&#xe618;"/></View>
        </View>
      )
    },
    body: (args) => null
  }} />}
  {flashSaleProps && <FlashSale {...flashSaleProps} slotTree={{
    tabs: (args) => {
      setGlobal('flashSalePropsArgs', args)
      return (
        <View style={style.tabsScrollRow}>
          <ScrollView horizontal style={style.tabs} ref={touchRef.bind(null, args.tabIndex)}>
            <View style={style.tabRow}>
              {(args.tabs || []).map((tab, index) => {
                return (
                  <View key={index} id={'flashTab-'+index} x-style={[style.flashTabItem, args.tabIndex === index ? style.itemActive : null]} onClick={() => args.handleClickTab(index, args.tabs[index])}>
                    <View style={style.flashTabText}>{tab.acstatus}</View>
                    <View style={style.flashTabTime}>{tab.times}</View>
                  </View>
                )
              })}
              <View
                x-if={args.tabs.length > 0}
                x-style={[style.flashTabItem, style.flashTabItemAll]}
                onClick={args.handleClickToAll}>
                <View style={style.flashTabText}>全部</View>
                <View style={style.flashTabText}>场次</View>
              </View>
            </View>
          </ScrollView>
        </View>
      )
    },
    verticalItem: {
      picBottomPlace: (args) => {
        return (
          <View style={style.offerPriceOrange}>
            <View style={style.offerPriceNum}>
              <Text style={style.priceUnit}>￥</Text>
              <Text style={style.priceBig}>{args.curPriceInt}</Text>
              <Text style={style.priceUnit}>{args.curPriceDecimals}</Text>
            </View>
          </View>
        )
      },
      titlePlace: (args) => {
        return (
          <View style={style.offerTitle}>{args.commodityInfo.title}</View>
        )
      }
    },
    commodityListScrollViewStyle: {
      height: '324rpx'
    },
    commodityListTail: (args) => {
      return (
        <View style={style.moreGoods} onClick={args.handleClickToAll}>
          <View style={style.moreGoodsText}>更多商品</View>
          <Icon style={style.moreGoodsArrow} name="&#xe618;" />
        </View>
      )
    },
    verticalBtn: {
      getButtonStyle: (args) => {
        return args.type !== 'disabled' ? {
          background: "linear-gradient(90deg, #F87A71 0%, #FF1642 100%)"
        } : {}
      },
      getNumberPickerButtonStyle: (args) => {
        return {
          color: '#FF1642'
        }
      }
    }
  }} />}
</View>