<View x-style={[style.newFlashSale, isOlderMode?style.isOlderMode:'']}
  id="home-flash-sale-appear"
  onFirstAppear={() => {
    floorExp('.miaoshanew.0');
  }}>
  <View className={className} x-style={[style.flashSale]}>
    <View style={style.flashSaleHeader}>
      <View style={style.flashSaleTitle}>
        限时秒杀1
        <FlashSaleCountdown
          x-if={firstScreenFinished}
          targetTime={currentTab.endTime}
          now={currentTab.systemTime}
        />
      </View>
      <View style={style.flashSaleToAll} onClick={onClickAll}>
        查看全部
        <Icon style={style.flashSaleArrow} name="&#xe618;" />
      </View>
    </View>
    <View style={style.flashSaleOffers}>
      {
        (flashSaleOffers || []).map((offer, index) => {
          return (
            <View
              id={`home-flash-sale-offer-${offer.itemId}`}
              key={index}
              onFirstAppear={() => onOfferAppear(offer, index)}
              onClick={() => onOfferClick(offer, index)}
              style={style.flashSaleOffer}
            >
              <View style={style.flashSaleOfferImg}>
                <Image source={{ uri: offer.picUrl }} style={style.flashSalePic} loading="lazy" />
                <Image source={{ uri: "https://gw.alicdn.com/imgextra/i4/O1CN01pciJaf1LN22HjP1ZK_!!6000000001286-2-tps-300-300.png" }} style={style["flashSale__pic-soldOut"]} x-if={offer.soldOut} loading="lazy" />
              </View>
              <View style={style.flashSaleOfferFooter}>
                <View style={style.flashSaleOfferPrice}>
                  ￥{offer.intPrice}{offer.floatPrice}
                </View>
              </View>
            </View>
          )
        })
      }
    </View>
  </View>
</View>