{
  "mpa": true,
  "sourceMap": true,
  "plugins": [
    "build-plugin-icestark",
    [
      "build-plugin-fusion",
      {
        "themeConfig": {
          "nextPrefix": "next-lstfe-"
        }
      }
    ],
    ["build-plugin-moment-locales", {
      "locales": ["zh-cn"]
    }],
    "@ali/build-plugin-ice-def",
    "@ali/build-plugin-ice-app-nice"
  ],
  "webpackPlugins": {
    "monaco-editor-webpack-plugin": {
      "options": {
        "languages": [ "css", "html", "javascript", "json", "less", "scss", "xml"]
      }
    }
  },
  "alias": {
    "@": "./src"
  }
}
