{
  "needAuth": false,
  "needLogin": false,
  "spma": "mmcos",
  "pageSetting": {
    "jsx2schema": {
      "framework": "nice-micro",
      "title": "jsx2schema",
      "spmb": "jsx2schema"
    },
    "list": {
      "framework": "nice-micro",
      "title": "list",
      "spmb": "list"
    },
    "launch": {
      "framework": "nice-micro",
      "title": "launch",
      "spmb": "launch"
    },
    "putlist": {
      "framework": "nice-micro",
      "title": "putlist",
      "spmb": "putlist"
    },
    "osstool": {
      "framework": "nice-micro",
      "title": "osstool",
      "spmb": "osstool"
    }
  }
}
