{
  "plugins": [
    [
      "build-plugin-rax-component",
      {
        "forceInline": true,
        "type": "rax",
        "targets": [
          "web",
          "weex"
        ]
      }
    ],
    ["@alife/build-plugin-lst-seed-analysis", {
      "unMatchExternal": ["@ali/rb-storage", "@ali/mmc-universal-api"]
    }],
    [
      "@ali/build-plugin-rax-seed",
      {
        "majorVersionIsolation": false
      }
    ],
    [
      "@alife/build-lst-sass-plugin",
      {
        "targets": [
          "web",
          "weex"
        ]
      }
    ],
    "@alife/build-plugin-lst-babel-separate",
    "@alife/build-plugin-generate-demo-url"
  ]
}
